<metadata xml:lang="en">
	<idinfo>
		<citation>
			<citeinfo>
				<origin>City of Ormond Beach</origin>
				<pubdate>Unpublished Material</pubdate>
				<title Sync="TRUE">citylimits_83</title>
				<geoform Sync="TRUE">vector digital data</geoform>
				<onlink Sync="TRUE">\\ormondbeach\dfs\Dept\gis\THEMES\POLYGON\citylimits_83.shp</onlink>
				<ftname Sync="TRUE">citylimits_83</ftname></citeinfo>
		</citation>
		<descript>
			<abstract>Ormond Beach corporate limits</abstract>
			<purpose>Spatial representation of the legal description of the City of Ormond Beach</purpose>
			<langdata Sync="TRUE">en</langdata></descript>
		<timeperd>
			<timeinfo>
				<sngdate>
					<caldate>October 1, 2019</caldate>
				</sngdate>
			</timeinfo>
			<current>ground condition</current>
		</timeperd>
		<status>
			<progress>In work</progress>
			<update>As needed</update>
		</status>
		<spdom>
			<bounding>
				<westbc Sync="TRUE">-81.195981</westbc>
				<eastbc Sync="TRUE">-81.026958</eastbc>
				<northbc Sync="TRUE">29.370421</northbc>
				<southbc Sync="TRUE">29.244580</southbc>
			</bounding>
			<lboundng><leftbc Sync="TRUE">593743.525115</leftbc><rightbc Sync="TRUE">647569.486361</rightbc><bottombc Sync="TRUE">1785275.275615</bottombc><topbc Sync="TRUE">1830983.643844</topbc></lboundng></spdom>
		<keywords>
			<theme>
				<themekt>REQUIRED: Reference to a formally registered thesaurus or a similar authoritative source of theme keywords.</themekt>
				<themekey>limit</themekey>
			</theme>
		</keywords>
		<accconst>Edited only by GIS staff of the City of Ormond Beach</accconst>
		<useconst>GIS data is provided on an "as is" basis. The accuracy or reliability of the data is not guaranteed or warranted in any way. The City of Ormond Beach specifically disclaims any warranty either expressed or implied, including, but not limited to, the implied warranties of merchantability and fitness for a particular use. The entire risk as to quality and performance of the data is with the end user. In no event will the City, its staff or its representatives be liable for any direct, indirect, incidental, special, consequential, or other damages, including loss of profit, arising out of the use of this data even if the City has been advised of the possibility of such damages.</useconst>
		<ptcontac>
			<cntinfo>
				<cntperp>
					<cntper>Steve Johnson</cntper>
					<cntorg>City of Ormond Beach</cntorg>
				</cntperp>
				<cntpos>GIS Analyst</cntpos>
				<cntaddr>
					<addrtype>mailing and physical address</addrtype>
					<address>22 S Beach Street</address>
					<city>Ormond Beach</city>
					<state>Florida</state>
					<postal>32174</postal>
					<country>USA</country>
				</cntaddr>
				<cntvoice>386-676-3309</cntvoice>
				<cntfax>386-676-3330</cntfax>
				<cntemail>GIS@ormondbeach.org</cntemail>
				<hours>M-F, 8-5</hours></cntinfo>
		</ptcontac>
		<datacred>City of Ormond Beach-Steve Johnson &amp; Eric Dickens</datacred>
		<native Sync="TRUE">Microsoft Windows XP Version 5.1 (Build 2600) Service Pack 3; ESRI ArcCatalog 9.3.1.4000</native>
		<natvform Sync="TRUE">Shapefile</natvform></idinfo>
	<dataqual>
		<attracc>
			<attraccr>City limits were developed per plat/parcel boundaries and section lines as described in the official legal document maintained by the City Clerk.</attraccr>
			<qattracc></qattracc>
		</attracc>
		<posacc>
			<horizpa>
				<qhorizpa></qhorizpa>
			</horizpa>
			<vertacc>
				<vertaccr>none</vertaccr>
			</vertacc>
		</posacc>
		<lineage>
			<procstep>
				<procdesc Sync="TRUE">Metadata imported.</procdesc>
				<srcused Sync="TRUE">C:\DOCUME~1\johnson\LOCALS~1\Temp\xml21.tmp</srcused>
				<time Sync="TRUE">09391000</time>
			</procstep>
			<procstep><procdesc Sync="TRUE">Metadata imported.</procdesc><srcused Sync="TRUE">C:\DOCUME~1\johnson\LOCALS~1\Temp\xml22.tmp</srcused><date Sync="TRUE">20090513</date><time Sync="TRUE">09564900</time></procstep></lineage>
	</dataqual>
	<spdoinfo>
		<direct Sync="TRUE">Vector</direct>
		<ptvctinf><esriterm Name="citylimits_83"><efeatyp Sync="TRUE">Simple</efeatyp><efeageom code="4" Sync="TRUE">Polygon</efeageom><esritopo Sync="TRUE">FALSE</esritopo><efeacnt Sync="TRUE">1</efeacnt><spindex Sync="TRUE">TRUE</spindex><linrefer Sync="TRUE">FALSE</linrefer></esriterm><sdtsterm Name="citylimits_83"><sdtstype Sync="TRUE">G-polygon</sdtstype><ptvctcnt Sync="TRUE">1</ptvctcnt></sdtsterm></ptvctinf></spdoinfo>
	<spref>
		<horizsys>
			<planar>
				<planci>
					<plance Sync="TRUE">coordinate pair</plance>
					<coordrep>
						<absres Sync="TRUE">0.000000</absres>
						<ordres Sync="TRUE">0.000000</ordres>
					</coordrep>
					<plandu Sync="TRUE">survey feet</plandu>
				</planci>
				<mapproj><mapprojn Sync="TRUE">Transverse Mercator</mapprojn><transmer><sfctrmer Sync="TRUE">0.999941</sfctrmer><longcm Sync="TRUE">-81.000000</longcm><latprjo Sync="TRUE">24.333333</latprjo><feast Sync="TRUE">656166.666667</feast><fnorth Sync="TRUE">0.000000</fnorth></transmer></mapproj></planar>
			<geodetic>
				<horizdn Sync="TRUE">North American Datum of 1983</horizdn>
				<ellips Sync="TRUE">Geodetic Reference System 80</ellips>
				<semiaxis Sync="TRUE">6378137.000000</semiaxis>
				<denflat Sync="TRUE">298.257222</denflat>
			</geodetic>
			<cordsysn><geogcsn Sync="TRUE">GCS_North_American_1983</geogcsn><projcsn Sync="TRUE">NAD_1983_StatePlane_Florida_East_FIPS_0901_Feet</projcsn></cordsysn></horizsys>
	</spref>
	<eainfo>
		<detailed Name="citylimits_83">
			<attr>
				<attrlabl Sync="TRUE">AREA</attrlabl>
				<attalias Sync="TRUE">AREA</attalias><attrtype Sync="TRUE">Float</attrtype><attwidth Sync="TRUE">19</attwidth><atnumdec Sync="TRUE">11</atnumdec></attr>
			<attr><attrlabl Sync="TRUE">FID</attrlabl><attalias Sync="TRUE">FID</attalias><attrtype Sync="TRUE">OID</attrtype><attwidth Sync="TRUE">4</attwidth><atprecis Sync="TRUE">0</atprecis><attscale Sync="TRUE">0</attscale><attrdef Sync="TRUE">Internal feature number.</attrdef><attrdefs Sync="TRUE">ESRI</attrdefs><attrdomv><udom Sync="TRUE">Sequential unique whole numbers that are automatically generated.</udom></attrdomv></attr><attr>
				<attrlabl Sync="TRUE">ACRES</attrlabl>
				<attalias Sync="TRUE">ACRES</attalias><attrtype Sync="TRUE">Float</attrtype><attwidth Sync="TRUE">19</attwidth><atnumdec Sync="TRUE">11</atnumdec></attr>
			<enttyp>
				<enttypl Sync="TRUE">citylimits_83</enttypl>
				<enttypd>Official corporate limits</enttypd>
				<enttypt Sync="TRUE">Feature Class</enttypt><enttypc Sync="TRUE">1</enttypc></enttyp>
			<attr>
				<attrlabl Sync="TRUE">Shape</attrlabl>
				<attrdef Sync="TRUE">Feature geometry.</attrdef>
				<attrdefs Sync="TRUE">ESRI</attrdefs>
				<attrdomv>
					<udom Sync="TRUE">Coordinates defining the features.</udom>
				</attrdomv>
				<attrtype Sync="TRUE">Geometry</attrtype><attwidth Sync="TRUE">0</attwidth><attalias Sync="TRUE">Shape</attalias><atprecis Sync="TRUE">0</atprecis><attscale Sync="TRUE">0</attscale></attr>
			<attr>
				<attrlabl Sync="TRUE">PERIMETER</attrlabl>
				<attrtype Sync="TRUE">Float</attrtype><attwidth Sync="TRUE">19</attwidth><attalias Sync="TRUE">PERIMETER</attalias><atnumdec Sync="TRUE">11</atnumdec></attr>
			<attr><attrlabl Sync="TRUE">ID</attrlabl><attalias Sync="TRUE">ID</attalias><attrtype Sync="TRUE">Number</attrtype><attwidth Sync="TRUE">9</attwidth></attr><attr><attrlabl Sync="TRUE">NAME</attrlabl><attalias Sync="TRUE">NAME</attalias><attrtype Sync="TRUE">String</attrtype><attwidth Sync="TRUE">25</attwidth></attr><attr><attrlabl Sync="TRUE">HECTARES</attrlabl><attalias Sync="TRUE">HECTARES</attalias><attrtype Sync="TRUE">Float</attrtype><attwidth Sync="TRUE">19</attwidth><atnumdec Sync="TRUE">11</atnumdec></attr><attr><attrlabl Sync="TRUE">SQ_MILES</attrlabl><attalias Sync="TRUE">SQ_MILES</attalias><attrtype Sync="TRUE">Float</attrtype><attwidth Sync="TRUE">19</attwidth><atnumdec Sync="TRUE">11</atnumdec></attr></detailed>
	</eainfo>
	<distinfo>
		<resdesc>City Limits</resdesc>
		<stdorder>
			<digform>
				<digtinfo>
					<transize Sync="TRUE">0.034</transize>
					<dssize Sync="TRUE">0.034</dssize></digtinfo>
			</digform>
		</stdorder>
	</distinfo>
	<metainfo>
		<metd>20191001</metd>
		<metc>
			<cntinfo>
				<cntaddr>
					<addrtype>physical address</addrtype>
					<city>Ormond Beach</city>
					<state>FL</state>
					<postal>32174</postal>
					<address>22 S Beach St</address><country>USA</country></cntaddr>
				<cntvoice>386-676-3309</cntvoice>
				<cntperp><cntper>Steve Johnson</cntper><cntorg>City of Ormond Beach</cntorg></cntperp><cntpos>GIS Analyst</cntpos><cntfax>386-676-3330</cntfax><cntemail>GIS@ormondbeach.org</cntemail><hours>M-F, 8-5</hours></cntinfo>
		</metc>
		<metstdn Sync="TRUE">FGDC Content Standards for Digital Geospatial Metadata</metstdn>
		<metstdv Sync="TRUE">FGDC-STD-001-1998</metstdv>
		<mettc Sync="TRUE">local time</mettc>
		<langmeta Sync="TRUE">en</langmeta><metextns><onlink Sync="TRUE">http://www.esri.com/metadata/esriprof80.html</onlink><metprof Sync="TRUE">ESRI Metadata Profile</metprof></metextns></metainfo>
	<Esri><CreaDate>20121121</CreaDate><CreaTime>16065300</CreaTime><SyncOnce>FALSE</SyncOnce><SyncDate>20150130</SyncDate><SyncTime>15220900</SyncTime><ModDate>20191001</ModDate><ModTime>12141500</ModTime><DataProperties><itemProps><itemLocation><linkage Sync="TRUE">file://\\ormondbeach\dfs\Dept\gis\PROJECTS\WORKING\Pending_Annexation\official_copies\citylimits_83.shp</linkage><protocol Sync="TRUE">Local Area Network</protocol></itemLocation><itemName Sync="TRUE">citylimits_83</itemName><imsContentType Sync="TRUE">002</imsContentType><itemSize Sync="TRUE">0.000</itemSize></itemProps><copyHistory><copy source="S:\gis\STEVE LOOK HERE\To_Be_Filed\ShapefileEdit\citylimits_83" dest="\\ormondbeach\dfs\Dept\gis\STEVE LOOK HERE\To_Be_Filed\ShapefileEdit\PUSH_today\citylimits_83" date="20121121" time="16065300"></copy></copyHistory><coordRef><type Sync="TRUE">Projected</type><geogcsn Sync="TRUE">GCS_North_American_1983</geogcsn><csUnits Sync="TRUE">Linear Unit: Foot_US (0.304801)</csUnits><projcsn Sync="TRUE">NAD_1983_StatePlane_Florida_East_FIPS_0901_Feet</projcsn><peXml Sync="TRUE">&lt;ProjectedCoordinateSystem xsi:type='typens:ProjectedCoordinateSystem' xmlns:xsi='http://www.w3.org/2001/XMLSchema-instance' xmlns:xs='http://www.w3.org/2001/XMLSchema' xmlns:typens='http://www.esri.com/schemas/ArcGIS/10.0'&gt;&lt;WKT&gt;PROJCS[&amp;quot;NAD_1983_StatePlane_Florida_East_FIPS_0901_Feet&amp;quot;,GEOGCS[&amp;quot;GCS_North_American_1983&amp;quot;,DATUM[&amp;quot;D_North_American_1983&amp;quot;,SPHEROID[&amp;quot;GRS_1980&amp;quot;,6378137.0,298.257222101]],PRIMEM[&amp;quot;Greenwich&amp;quot;,0.0],UNIT[&amp;quot;Degree&amp;quot;,0.0174532925199433]],PROJECTION[&amp;quot;Transverse_Mercator&amp;quot;],PARAMETER[&amp;quot;False_Easting&amp;quot;,656166.6666666665],PARAMETER[&amp;quot;False_Northing&amp;quot;,0.0],PARAMETER[&amp;quot;Central_Meridian&amp;quot;,-81.0],PARAMETER[&amp;quot;Scale_Factor&amp;quot;,0.9999411764705882],PARAMETER[&amp;quot;Latitude_Of_Origin&amp;quot;,24.33333333333333],UNIT[&amp;quot;Foot_US&amp;quot;,0.3048006096012192],AUTHORITY[&amp;quot;EPSG&amp;quot;,2236]]&lt;/WKT&gt;&lt;XOrigin&gt;-17791300&lt;/XOrigin&gt;&lt;YOrigin&gt;-41645400&lt;/YOrigin&gt;&lt;XYScale&gt;137249422.94257641&lt;/XYScale&gt;&lt;ZOrigin&gt;-100000&lt;/ZOrigin&gt;&lt;ZScale&gt;10000&lt;/ZScale&gt;&lt;MOrigin&gt;-100000&lt;/MOrigin&gt;&lt;MScale&gt;10000&lt;/MScale&gt;&lt;XYTolerance&gt;0.0032808333333333335&lt;/XYTolerance&gt;&lt;ZTolerance&gt;0.001&lt;/ZTolerance&gt;&lt;MTolerance&gt;0.001&lt;/MTolerance&gt;&lt;HighPrecision&gt;true&lt;/HighPrecision&gt;&lt;WKID&gt;2236&lt;/WKID&gt;&lt;/ProjectedCoordinateSystem&gt;</peXml></coordRef><lineage><Process ToolSource="c:\program files\arcgis\desktop10.0\ArcToolbox\Toolboxes\Data Management Tools.tbx\CopyFeatures" Date="20150122" Time="083343">CopyFeatures S:\gis\THEMES\POLYGON\citylimits_83.shp S:\gis\PROJECTS\WORKING\Pending_Annexation\Jan20_2015\Jan20_2015.gdb\citylimits_83 # 0 0 0</Process><Process ToolSource="C:\Program Files\ArcGIS\Desktop10.0\ArcToolbox\Toolboxes\Conversion Tools.tbx\FeatureClassToFeatureClass" Date="20150122" Time="122147">FeatureClassToFeatureClass S:\gis\PROJECTS\WORKING\Pending_Annexation\Jan20_2015\Jan20_2015.gdb\citylimits_83 S:\gis\PROJECTS\WORKING\Pending_Annexation\official_copies citylimits_83.shp # "ID "ID" true true false 4 Long 0 0 ,First,#,S:\gis\PROJECTS\WORKING\Pending_Annexation\Jan20_2015\Jan20_2015.gdb\citylimits_83,ID,-1,-1;NAME "NAME" true true false 25 Text 0 0 ,First,#,S:\gis\PROJECTS\WORKING\Pending_Annexation\Jan20_2015\Jan20_2015.gdb\citylimits_83,NAME,-1,-1;AREA "AREA" true true false 8 Double 0 0 ,First,#,S:\gis\PROJECTS\WORKING\Pending_Annexation\Jan20_2015\Jan20_2015.gdb\citylimits_83,AREA,-1,-1;PERIMETER "PERIMETER" true true false 8 Double 0 0 ,First,#,S:\gis\PROJECTS\WORKING\Pending_Annexation\Jan20_2015\Jan20_2015.gdb\citylimits_83,PERIMETER,-1,-1;ACRES "ACRES" true true false 8 Double 0 0 ,First,#,S:\gis\PROJECTS\WORKING\Pending_Annexation\Jan20_2015\Jan20_2015.gdb\citylimits_83,ACRES,-1,-1;HECTARES "HECTARES" true true false 8 Double 0 0 ,First,#,S:\gis\PROJECTS\WORKING\Pending_Annexation\Jan20_2015\Jan20_2015.gdb\citylimits_83,HECTARES,-1,-1;SQ_MILES "SQ_MILES" true true false 8 Double 0 0 ,First,#,S:\gis\PROJECTS\WORKING\Pending_Annexation\Jan20_2015\Jan20_2015.gdb\citylimits_83,SQ_MILES,-1,-1" #</Process></lineage></DataProperties></Esri><dataIdInfo><envirDesc Sync="TRUE">Microsoft Windows XP Version 5.1 (Build 2600) Service Pack 3; ESRI ArcCatalog 9.3.1.4000</envirDesc><dataLang><languageCode Sync="TRUE" value="en"></languageCode><countryCode value="USA" Sync="TRUE"></countryCode></dataLang><idCitation><resTitle Sync="TRUE">citylimits_83</resTitle><presForm><PresFormCd Sync="TRUE" value="005"></PresFormCd></presForm></idCitation><spatRpType><SpatRepTypCd Sync="TRUE" value="001"></SpatRepTypCd></spatRpType><dataExt><geoEle><GeoBndBox esriExtentType="native"><westBL Sync="TRUE">593743.525115</westBL><eastBL Sync="TRUE">647569.486361</eastBL><northBL Sync="TRUE">1830983.643844</northBL><southBL Sync="TRUE">1785275.275615</southBL><exTypeCode Sync="TRUE">1</exTypeCode></GeoBndBox></geoEle></dataExt><geoBox esriExtentType="decdegrees"><westBL Sync="TRUE">-81.195981</westBL><eastBL Sync="TRUE">-81.026958</eastBL><northBL Sync="TRUE">29.370421</northBL><southBL Sync="TRUE">29.24458</southBL><exTypeCode Sync="TRUE">1</exTypeCode></geoBox></dataIdInfo><mdLang><languageCode Sync="TRUE" value="en"></languageCode><countryCode value="USA" Sync="TRUE"></countryCode></mdLang><mdStanName Sync="TRUE">ISO 19115 Geographic Information - Metadata</mdStanName><mdStanVer Sync="TRUE">DIS_ESRI1.0</mdStanVer><mdChar><CharSetCd Sync="TRUE" value="004"></CharSetCd></mdChar><mdHrLv><ScopeCd Sync="TRUE" value="005"></ScopeCd></mdHrLv><mdHrLvName Sync="TRUE">dataset</mdHrLvName><distInfo><distributor><distorTran><onLineSrc><orDesc Sync="TRUE">002</orDesc><linkage Sync="TRUE">file://\\ormondbeach\dfs\Dept\gis\THEMES\POLYGON\citylimits_83.shp</linkage><protocol Sync="TRUE">Local Area Network</protocol></onLineSrc><transSize Sync="TRUE">0.034</transSize></distorTran><distorFormat><formatName Sync="TRUE">Shapefile</formatName></distorFormat></distributor><distFormat><formatName Sync="TRUE">Shapefile</formatName></distFormat><distTranOps><transSize Sync="TRUE">0.000</transSize></distTranOps></distInfo><refSysInfo><RefSystem><refSysID><identCode Sync="TRUE" value="2236">NAD_1983_StatePlane_Florida_East_FIPS_0901_Feet</identCode><idCodeSpace Sync="TRUE">EPSG</idCodeSpace><idVersion Sync="TRUE">7.4.1</idVersion></refSysID></RefSystem></refSysInfo><spatRepInfo><VectSpatRep><topLvl><TopoLevCd value="001" Sync="TRUE"></TopoLevCd></topLvl><geometObjs Name="citylimits_83"><geoObjTyp><GeoObjTypCd Sync="TRUE" value="001"></GeoObjTypCd></geoObjTyp><geoObjCnt Sync="TRUE">1</geoObjCnt></geometObjs></VectSpatRep></spatRepInfo><mdDateSt Sync="TRUE">20191001</mdDateSt></metadata>
