<?xml version="1.0"?>
<!--<!DOCTYPE metadata SYSTEM "http://www.esri.com/metadata/esriprof80.dtd">-->
<metadata xml:lang="en"><Esri><CreaDate>20050201</CreaDate><CreaTime>13464500</CreaTime><SyncOnce>FALSE</SyncOnce><SyncDate>20150128</SyncDate><SyncTime>12355300</SyncTime><ModDate>20200204</ModDate><ModTime>11481400</ModTime><MetaID>{6C8ABA44-0511-4C42-984C-5D6683BCDB90}</MetaID></Esri><idinfo><native Sync="TRUE">Microsoft Windows XP Version 5.1 (Build 2600) Service Pack 3; ESRI ArcCatalog 9.3.1.4000</native><descript><langdata Sync="TRUE">en</langdata><abstract>Official Zoning</abstract><purpose>Provide accurate zoning district boundaries within the City of Ormond Beach</purpose></descript><citation><citeinfo><origin>City of Ormond Beach</origin><pubdate>Unpublished Material</pubdate><title Sync="TRUE">zoning</title><ftname Sync="TRUE">zoning</ftname><geoform Sync="TRUE">vector digital data</geoform><onlink Sync="TRUE">\\ormondbeach\dfs\Dept\gis\THEMES\POLYGON\PLANNING\zoning.shp</onlink></citeinfo></citation><timeperd><current>publication date</current><timeinfo><sngdate><caldate>February 4, 2020</caldate></sngdate></timeinfo></timeperd><status><progress>In work</progress><update>As needed</update></status><spdom><bounding><westbc Sync="TRUE">-81.195956</westbc><eastbc Sync="TRUE">-81.027416</eastbc><northbc Sync="TRUE">29.357575</northbc><southbc Sync="TRUE">29.244580</southbc></bounding><lboundng><leftbc Sync="TRUE">593743.525167</leftbc><rightbc Sync="TRUE">647423.626125</rightbc><bottombc Sync="TRUE">1785275.275634</bottombc><topbc Sync="TRUE">1826312.528526</topbc></lboundng></spdom><keywords><theme><themekt>district</themekt><themekey>zoning</themekey></theme></keywords><accconst>Edited by GIS Technicians of the City of Ormond Beach</accconst><useconst>GIS data is provided on an "as is" basis. The accuracy or reliability of the data is not guaranteed or warranted in any way. The City of Ormond Beach specifically disclaims any warranty either expressed or implied, including, but not limited to, the implied warranties of merchantability and fitness for a particular use. The entire risk as to quality and performance of the data is with the end user. In no event will the City, its staff or its representatives be liable for any direct, indirect, incidental, special, consequential, or other damages, including loss of profit, arising out of the use of this data even if the City has been advised of the possibility of such damages.</useconst><natvform Sync="TRUE">Shapefile</natvform><ptcontac><cntinfo><cntperp><cntper>Steve Johnson</cntper><cntorg>City of Ormond Beach</cntorg></cntperp><cntpos>GIS Analyst</cntpos><cntaddr><addrtype>mailing and physical address</addrtype><address>22 S Beach Street</address><city>Ormond Beach</city><state>FL</state><postal>32174</postal><country>USA</country></cntaddr><cntvoice>386-676-3309</cntvoice><cntemail>GIS@ormondbeach.org</cntemail><cntfax>386-676-3330</cntfax><hours>8-5, M-F</hours></cntinfo></ptcontac><datacred>City of Ormond Beach - Eric Dickens</datacred><crossref><citeinfo><title>zoning</title></citeinfo></crossref></idinfo><dataIdInfo><envirDesc Sync="TRUE">Microsoft Windows XP Version 5.1 (Build 2600) Service Pack 3; ESRI ArcCatalog 9.3.1.4000</envirDesc><dataLang><languageCode Sync="TRUE" value="en"></languageCode></dataLang><idCitation><resTitle Sync="TRUE">zoning</resTitle><presForm><PresFormCd Sync="TRUE" value="005"></PresFormCd></presForm></idCitation><spatRpType><SpatRepTypCd Sync="TRUE" value="001"></SpatRepTypCd></spatRpType><geoBox esriExtentType="decdegrees"><westBL Sync="TRUE">-81.195956</westBL><eastBL Sync="TRUE">-81.027416</eastBL><northBL Sync="TRUE">29.357575</northBL><southBL Sync="TRUE">29.24458</southBL><exTypeCode Sync="TRUE">1</exTypeCode></geoBox><dataExt><geoEle><GeoBndBox esriExtentType="native"><westBL Sync="TRUE">593743.525167</westBL><eastBL Sync="TRUE">647423.626125</eastBL><northBL Sync="TRUE">1826312.528526</northBL><southBL Sync="TRUE">1785275.275634</southBL><exTypeCode Sync="TRUE">1</exTypeCode></GeoBndBox></geoEle></dataExt></dataIdInfo><metainfo><langmeta Sync="TRUE">en</langmeta><metstdn Sync="TRUE">FGDC Content Standards for Digital Geospatial Metadata</metstdn><metstdv Sync="TRUE">FGDC-STD-001-1998</metstdv><mettc Sync="TRUE">local time</mettc><metc><cntinfo><cntaddr><addrtype>physical address</addrtype><city>Ormond Beach</city><state>FL</state><postal>32174</postal><address>22 S Beach St</address><country>USA</country></cntaddr><cntvoice>386-676-3309</cntvoice><cntpos>GIS Analyst</cntpos><cntfax>386-676-3330</cntfax><cntemail>GIS@ormondbeach.org</cntemail><hours>8-5, M-F</hours><cntperp><cntper>Steve Johnson</cntper><cntorg>City of Ormond Beach</cntorg></cntperp></cntinfo></metc><metd>20200204</metd><metextns><onlink Sync="TRUE">http://www.esri.com/metadata/esriprof80.html</onlink><metprof Sync="TRUE">ESRI Metadata Profile</metprof></metextns></metainfo><mdLang><languageCode Sync="TRUE" value="en"></languageCode></mdLang><mdStanName Sync="TRUE">ISO 19115 Geographic Information - Metadata</mdStanName><mdStanVer Sync="TRUE">DIS_ESRI1.0</mdStanVer><mdChar><CharSetCd Sync="TRUE" value="004"></CharSetCd></mdChar><mdHrLv><ScopeCd Sync="TRUE" value="005"></ScopeCd></mdHrLv><mdHrLvName Sync="TRUE">dataset</mdHrLvName><distinfo><resdesc>Official Zoning Map</resdesc><stdorder><digform><digtinfo><transize Sync="TRUE">0.235</transize><dssize Sync="TRUE">0.235</dssize></digtinfo></digform></stdorder></distinfo><distInfo><distributor><distorTran><onLineSrc><orDesc Sync="TRUE">002</orDesc><linkage Sync="TRUE">file://\\ormondbeach\dfs\Dept\gis\THEMES\POLYGON\PLANNING\zoning.shp</linkage><protocol Sync="TRUE">Local Area Network</protocol></onLineSrc><transSize Sync="TRUE">0.235</transSize></distorTran><distorFormat><formatName Sync="TRUE">Shapefile</formatName></distorFormat></distributor></distInfo><spdoinfo><direct Sync="TRUE">Vector</direct><ptvctinf><esriterm Name="zoning"><efeatyp Sync="TRUE">Simple</efeatyp><efeageom Sync="TRUE">Polygon</efeageom><esritopo Sync="TRUE">FALSE</esritopo><efeacnt Sync="TRUE">293</efeacnt><spindex Sync="TRUE">TRUE</spindex><linrefer Sync="TRUE">FALSE</linrefer></esriterm><sdtsterm Name="zoning"><sdtstype Sync="TRUE">G-polygon</sdtstype><ptvctcnt Sync="TRUE">293</ptvctcnt></sdtsterm></ptvctinf></spdoinfo><spatRepInfo><VectSpatRep><topLvl><TopoLevCd Sync="TRUE" value="001"></TopoLevCd></topLvl><geometObjs Name="zoning"><geoObjTyp><GeoObjTypCd Sync="TRUE" value="001"></GeoObjTypCd></geoObjTyp><geoObjCnt Sync="TRUE">293</geoObjCnt></geometObjs></VectSpatRep></spatRepInfo><eainfo><detailed Name="zoning"><enttyp><enttypl Sync="TRUE">zoning</enttypl><enttypt Sync="TRUE">Feature Class</enttypt><enttypc Sync="TRUE">293</enttypc></enttyp><attr><attrlabl Sync="TRUE">FID</attrlabl><attalias Sync="TRUE">FID</attalias><attrtype Sync="TRUE">OID</attrtype><attwidth Sync="TRUE">4</attwidth><atprecis Sync="TRUE">0</atprecis><attscale Sync="TRUE">0</attscale><attrdef Sync="TRUE">Internal feature number.</attrdef><attrdefs Sync="TRUE">ESRI</attrdefs><attrdomv><udom Sync="TRUE">Sequential unique whole numbers that are automatically generated.</udom></attrdomv></attr><attr><attrlabl Sync="TRUE">Shape</attrlabl><attalias Sync="TRUE">Shape</attalias><attrtype Sync="TRUE">Geometry</attrtype><attwidth Sync="TRUE">0</attwidth><atprecis Sync="TRUE">0</atprecis><attscale Sync="TRUE">0</attscale><attrdef Sync="TRUE">Feature geometry.</attrdef><attrdefs Sync="TRUE">ESRI</attrdefs><attrdomv><udom Sync="TRUE">Coordinates defining the features.</udom></attrdomv></attr><attr><attrlabl Sync="TRUE">ID</attrlabl><attalias Sync="TRUE">ID</attalias><attrtype Sync="TRUE">Number</attrtype><attwidth Sync="TRUE">8</attwidth></attr><attr><attrlabl Sync="TRUE">ZONING</attrlabl><attalias Sync="TRUE">ZONING</attalias><attrtype Sync="TRUE">String</attrtype><attwidth Sync="TRUE">5</attwidth></attr><attr><attrlabl Sync="TRUE">AREA</attrlabl><attalias Sync="TRUE">AREA</attalias><attrtype Sync="TRUE">Number</attrtype><attwidth Sync="TRUE">19</attwidth><atnumdec Sync="TRUE">2</atnumdec></attr><attr><attrlabl Sync="TRUE">DESCRIPTIO</attrlabl><attalias Sync="TRUE">DESCRIPTIO</attalias><attrtype Sync="TRUE">String</attrtype><attwidth Sync="TRUE">50</attwidth></attr><attr><attrlabl Sync="TRUE">ZONE_SUFFI</attrlabl><attalias Sync="TRUE">ZONE_SUFFI</attalias><attrtype Sync="TRUE">String</attrtype><attwidth Sync="TRUE">5</attwidth></attr><attr><attrlabl Sync="TRUE">PERIMETER</attrlabl><attalias Sync="TRUE">PERIMETER</attalias><attrtype Sync="TRUE">Number</attrtype><attwidth Sync="TRUE">19</attwidth><atnumdec Sync="TRUE">3</atnumdec></attr><attr><attrlabl Sync="TRUE">ACRES</attrlabl><attalias Sync="TRUE">ACRES</attalias><attrtype Sync="TRUE">Number</attrtype><attwidth Sync="TRUE">19</attwidth><atnumdec Sync="TRUE">3</atnumdec></attr><attr><attrlabl Sync="TRUE">HTE_CODE</attrlabl><attalias Sync="TRUE">HTE_CODE</attalias><attrtype Sync="TRUE">String</attrtype><attwidth Sync="TRUE">16</attwidth></attr><attr><attrlabl Sync="TRUE">OVERLAY</attrlabl><attalias Sync="TRUE">OVERLAY</attalias><attrtype Sync="TRUE">String</attrtype><attwidth Sync="TRUE">10</attwidth></attr><attr><attrlabl Sync="TRUE">ORD</attrlabl><attalias Sync="TRUE">ORD</attalias><attrtype Sync="TRUE">String</attrtype><attwidth Sync="TRUE">12</attwidth></attr><attr><attrlabl Sync="TRUE">HECTARES</attrlabl><attalias Sync="TRUE">HECTARES</attalias><attrtype Sync="TRUE">Number</attrtype><attwidth Sync="TRUE">16</attwidth><atnumdec Sync="TRUE">3</atnumdec></attr><attr><attrlabl Sync="TRUE">AKA</attrlabl><attalias Sync="TRUE">AKA</attalias><attrtype Sync="TRUE">String</attrtype><attwidth Sync="TRUE">80</attwidth></attr></detailed></eainfo><mdDateSt Sync="TRUE">20200204</mdDateSt><dataqual><attracc><attraccr>Zoning designation provided by the City of Ormond Beach Planning Department</attraccr></attracc><posacc><horizpa><horizpar>Digitized over current parcel base and street centerline</horizpar></horizpa></posacc><lineage><procstep><procdesc Sync="TRUE">Metadata imported.</procdesc><date Sync="TRUE">20050201</date><time Sync="TRUE">13464500</time></procstep></lineage></dataqual><spref><horizsys><cordsysn><geogcsn Sync="TRUE">GCS_North_American_1983</geogcsn><projcsn Sync="TRUE">NAD_1983_StatePlane_Florida_East_FIPS_0901_Feet</projcsn></cordsysn><planar><planci><plance Sync="TRUE">coordinate pair</plance><plandu Sync="TRUE">survey feet</plandu><coordrep><absres Sync="TRUE">0.000000</absres><ordres Sync="TRUE">0.000000</ordres></coordrep></planci><mapproj><mapprojn Sync="TRUE">Transverse Mercator</mapprojn><transmer><sfctrmer Sync="TRUE">0.999941</sfctrmer><longcm Sync="TRUE">-81.000000</longcm><latprjo Sync="TRUE">24.333333</latprjo><feast Sync="TRUE">656166.666667</feast><fnorth Sync="TRUE">0.000000</fnorth></transmer></mapproj></planar><geodetic><horizdn Sync="TRUE">North American Datum of 1983</horizdn><ellips Sync="TRUE">Geodetic Reference System 80</ellips><semiaxis Sync="TRUE">6378137.000000</semiaxis><denflat Sync="TRUE">298.257222</denflat></geodetic></horizsys></spref><refSysInfo><RefSystem><refSysID><identCode Sync="TRUE">NAD_1983_StatePlane_Florida_East_FIPS_0901_Feet</identCode></refSysID></RefSystem></refSysInfo></metadata>
